Period,Sub_Period,Forecast01,Forecast02,Forescast03,FCNS
2016,1,764393.790713635,875114.087282554,790092.798753452,2429600.67674964
2016,2,748153.732029889,846458.421456813,762078.195083997,2356690.3485707
2016,3,882338.367137997,1020877.5075838,886693.200826728,2789909.07554853
2016,4,828128.181884654,933273.913036165,851717.604776815,2613119.69969763
2016,5,940735.674765686,1081474.25137472,965100.814847781,2987310.74098818
2016,6,956542.75668055,1097585.49312635,982057.536920922,3036185.78672782
2016,7,959193.771400777,1119541.4095515,986655.915150603,3065391.09610287
2016,8,831958.206449673,956814.461120352,890611.973734018,2679384.64130404
2016,9,736425.338625342,841637.960796322,787431.178982974,2365494.47840464
2016,10,719254.106994339,829046.838269131,770117.538567336,2318418.48383081
2016,11,758158.586189555,849992.772187331,793543.904238636,2401695.26261552
2016,12,774095.354603418,875445.667997141,768777.016765358,2418318.03936592
